Timestamp,Type,Severity,Message
2025-12-09T06:36:02.553Z,GENRE,info,"ğŸ¸ Detectando cyberpunk... (85% confianza)"
2025-12-09T06:36:02.553Z,HUNT,info,"ğŸ” Evaluando patrÃ³n... (76%)"
2025-12-09T06:36:01.340Z,HUNT,info,"ğŸ” Evaluando patrÃ³n... (76%)"
2025-12-09T06:36:00.729Z,GENRE,info,"ğŸ¸ Detectando cyberpunk... (85% confianza)"
2025-12-09T06:36:00.120Z,HUNT,info,"ğŸ” Evaluando patrÃ³n... (76%)"
2025-12-09T06:35:58.899Z,GENRE,info,"ğŸ¸ Detectando cyberpunk... (85% confianza)"
2025-12-09T06:35:58.899Z,HUNT,info,"ğŸ” Evaluando patrÃ³n... (77%)"
2025-12-09T06:35:57.677Z,HUNT,info,"ğŸ” Evaluando patrÃ³n... (77%)"
2025-12-09T06:35:57.064Z,GENRE,info,"ğŸ¸ Detectando cyberpunk... (85% confianza)"
2025-12-09T06:35:55.242Z,GENRE,info,"ğŸ¸ Detectando cyberpunk... (85% confianza)"
2025-12-09T06:35:55.242Z,HUNT,info,"ğŸ” Evaluando patrÃ³n... (76%)"
2025-12-09T06:35:54.024Z,HUNT,info,"ğŸ” Evaluando patrÃ³n... (76%)"
2025-12-09T06:35:53.413Z,GENRE,info,"ğŸ¸ Detectando cyberpunk... (85% confianza)"
2025-12-09T06:35:51.555Z,GENRE,info,"ğŸ¸ Detectando cyberpunk... (85% confianza)"
2025-12-09T06:35:51.555Z,HUNT,info,"ğŸ” Evaluando patrÃ³n... (77%)"
2025-12-09T06:35:50.305Z,HUNT,info,"ğŸ” Evaluando patrÃ³n... (77%)"
2025-12-09T06:35:49.665Z,GENRE,info,"ğŸ¸ Detectando cyberpunk... (85% confianza)"
2025-12-09T06:35:47.703Z,GENRE,info,"ğŸ¸ Detectando cyberpunk... (85% confianza)"
2025-12-09T06:35:47.703Z,HUNT,info,"ğŸ” Evaluando patrÃ³n... (77%)"
2025-12-09T06:35:46.616Z,SECTION,info,"ğŸµ Nueva secciÃ³n: breakdown (Confianza: NaN%)"
2025-12-09T06:35:46.430Z,HUNT,warning,"ğŸ‘ï¸ Acechando... Beauty Score: 86% Â¡Objetivo a la vista!"
2025-12-09T06:35:45.789Z,GENRE,info,"ğŸ¸ Detectando cyberpunk... (85% confianza)"
2025-12-09T06:35:45.166Z,HUNT,warning,"ğŸ‘ï¸ Acechando... Beauty Score: 85% Â¡Objetivo a la vista!"
2025-12-09T06:35:43.889Z,GENRE,info,"ğŸ¸ Detectando cyberpunk... (85% confianza)"
2025-12-09T06:35:43.889Z,HUNT,warning,"ğŸ‘ï¸ Acechando... Beauty Score: 86% Â¡Objetivo a la vista!"
2025-12-09T06:35:42.573Z,HUNT,warning,"ğŸ‘ï¸ Acechando... Beauty Score: 86% Â¡Objetivo a la vista!"
2025-12-09T06:35:41.903Z,GENRE,info,"ğŸ¸ Detectando cyberpunk... (85% confianza)"
2025-12-09T06:35:39.989Z,GENRE,info,"ğŸ¸ Detectando cyberpunk... (85% confianza)"
2025-12-09T06:35:39.989Z,HUNT,warning,"ğŸ‘ï¸ Acechando... Beauty Score: 86% Â¡Objetivo a la vista!"
2025-12-09T06:35:38.694Z,HUNT,warning,"ğŸ‘ï¸ Acechando... Beauty Score: 86% Â¡Objetivo a la vista!"
2025-12-09T06:35:38.045Z,GENRE,info,"ğŸ¸ Detectando cyberpunk... (85% confianza)"
2025-12-09T06:35:36.129Z,GENRE,info,"ğŸ¸ Detectando cyberpunk... (85% confianza)"
2025-12-09T06:35:36.129Z,HUNT,warning,"ğŸ‘ï¸ Acechando... Beauty Score: 86% Â¡Objetivo a la vista!"
2025-12-09T06:35:34.881Z,HUNT,warning,"ğŸ‘ï¸ Acechando... Beauty Score: 86% Â¡Objetivo a la vista!"
2025-12-09T06:35:34.244Z,GENRE,info,"ğŸ¸ Detectando cyberpunk... (85% confianza)"
2025-12-09T06:35:32.262Z,GENRE,info,"ğŸ¸ Detectando cyberpunk... (85% confianza)"
2025-12-09T06:35:32.262Z,HUNT,warning,"ğŸ‘ï¸ Acechando... Beauty Score: 86% Â¡Objetivo a la vista!"
2025-12-09T06:35:30.930Z,HUNT,warning,"ğŸ‘ï¸ Acechando... Beauty Score: 86% Â¡Objetivo a la vista!"
2025-12-09T06:35:30.276Z,GENRE,info,"ğŸ¸ Detectando cyberpunk... (85% confianza)"
2025-12-09T06:35:28.349Z,GENRE,info,"ğŸ¸ Detectando cyberpunk... (85% confianza)"
2025-12-09T06:35:28.349Z,HUNT,warning,"ğŸ‘ï¸ Acechando... Beauty Score: 86% Â¡Objetivo a la vista!"
2025-12-09T06:35:27.050Z,HUNT,warning,"ğŸ‘ï¸ Acechando... Beauty Score: 86% Â¡Objetivo a la vista!"
2025-12-09T06:35:26.398Z,GENRE,info,"ğŸ¸ Detectando cyberpunk... (85% confianza)"
2025-12-09T06:35:24.424Z,GENRE,info,"ğŸ¸ Detectando cyberpunk... (85% confianza)"
2025-12-09T06:35:24.424Z,HUNT,warning,"ğŸ‘ï¸ Acechando... Beauty Score: 86% Â¡Objetivo a la vista!"
2025-12-09T06:35:23.112Z,HUNT,warning,"ğŸ‘ï¸ Acechando... Beauty Score: 86% Â¡Objetivo a la vista!"
2025-12-09T06:35:22.442Z,GENRE,info,"ğŸ¸ Detectando cyberpunk... (85% confianza)"
2025-12-09T06:35:20.608Z,GENRE,info,"ğŸ¸ Detectando cyberpunk... (85% confianza)"
2025-12-09T06:35:20.608Z,HUNT,warning,"ğŸ‘ï¸ Acechando... Beauty Score: 86% Â¡Objetivo a la vista!"
2025-12-09T06:35:19.390Z,HUNT,warning,"ğŸ‘ï¸ Acechando... Beauty Score: 86% Â¡Objetivo a la vista!"
2025-12-09T06:35:18.786Z,GENRE,info,"ğŸ¸ Detectando cyberpunk... (85% confianza)"
2025-12-09T06:35:16.974Z,GENRE,info,"ğŸ¸ Detectando cyberpunk... (85% confianza)"
2025-12-09T06:35:16.974Z,HUNT,warning,"ğŸ‘ï¸ Acechando... Beauty Score: 86% Â¡Objetivo a la vista!"
2025-12-09T06:35:15.770Z,HUNT,warning,"ğŸ‘ï¸ Acechando... Beauty Score: 86% Â¡Objetivo a la vista!"
2025-12-09T06:35:15.166Z,GENRE,info,"ğŸ¸ Detectando cyberpunk... (85% confianza)"
2025-12-09T06:35:14.561Z,HUNT,warning,"ğŸ‘ï¸ Acechando... Beauty Score: 86% Â¡Objetivo a la vista!"
2025-12-09T06:35:14.171Z,SECTION,info,"ğŸµ Nueva secciÃ³n: verse (Confianza: NaN%)"
2025-12-09T06:35:13.349Z,GENRE,info,"ğŸ¸ Detectando cyberpunk... (85% confianza)"
2025-12-09T06:35:13.349Z,HUNT,info,"ğŸ” Evaluando patrÃ³n... (77%)"
2025-12-09T06:35:12.132Z,HUNT,info,"ğŸ” Evaluando patrÃ³n... (77%)"
2025-12-09T06:35:11.530Z,GENRE,info,"ğŸ¸ Detectando cyberpunk... (85% confianza)"
2025-12-09T06:35:09.706Z,GENRE,info,"ğŸ¸ Detectando cyberpunk... (85% confianza)"
2025-12-09T06:35:09.706Z,HUNT,info,"ğŸ” Evaluando patrÃ³n... (77%)"
2025-12-09T06:35:08.491Z,HUNT,info,"ğŸ” Evaluando patrÃ³n... (77%)"
2025-12-09T06:35:07.887Z,GENRE,info,"ğŸ¸ Detectando cyberpunk... (85% confianza)"
2025-12-09T06:35:06.069Z,GENRE,info,"ğŸ¸ Detectando cyberpunk... (85% confianza)"
2025-12-09T06:35:06.069Z,HUNT,info,"ğŸ” Evaluando patrÃ³n... (77%)"
2025-12-09T06:35:05.919Z,SECTION,info,"ğŸµ Nueva secciÃ³n: breakdown (Confianza: NaN%)"
2025-12-09T06:35:04.862Z,HUNT,warning,"ğŸ‘ï¸ Acechando... Beauty Score: 86% Â¡Objetivo a la vista!"
2025-12-09T06:35:04.259Z,GENRE,info,"ğŸ¸ Detectando cyberpunk... (85% confianza)"
2025-12-09T06:35:02.443Z,GENRE,info,"ğŸ¸ Detectando cyberpunk... (85% confianza)"
2025-12-09T06:35:02.443Z,HUNT,warning,"ğŸ‘ï¸ Acechando... Beauty Score: 86% Â¡Objetivo a la vista!"
2025-12-09T06:35:01.227Z,HUNT,warning,"ğŸ‘ï¸ Acechando... Beauty Score: 86% Â¡Objetivo a la vista!"
2025-12-09T06:35:00.621Z,GENRE,info,"ğŸ¸ Detectando cyberpunk... (85% confianza)"
2025-12-09T06:34:58.797Z,GENRE,info,"ğŸ¸ Detectando cyberpunk... (85% confianza)"
2025-12-09T06:34:58.797Z,HUNT,warning,"ğŸ‘ï¸ Acechando... Beauty Score: 86% Â¡Objetivo a la vista!"
2025-12-09T06:34:57.591Z,HUNT,warning,"ğŸ‘ï¸ Acechando... Beauty Score: 87% Â¡Objetivo a la vista!"
2025-12-09T06:34:56.986Z,GENRE,info,"ğŸ¸ Detectando cyberpunk... (85% confianza)"
2025-12-09T06:34:55.166Z,GENRE,info,"ğŸ¸ Detectando cyberpunk... (85% confianza)"
2025-12-09T06:34:55.166Z,HUNT,warning,"ğŸ‘ï¸ Acechando... Beauty Score: 87% Â¡Objetivo a la vista!"
2025-12-09T06:34:53.953Z,HUNT,warning,"ğŸ‘ï¸ Acechando... Beauty Score: 87% Â¡Objetivo a la vista!"
2025-12-09T06:34:53.342Z,GENRE,info,"ğŸ¸ Detectando cyberpunk... (85% confianza)"
2025-12-09T06:34:52.736Z,HUNT,warning,"ğŸ‘ï¸ Acechando... Beauty Score: 87% Â¡Objetivo a la vista!"
2025-12-09T06:34:51.523Z,GENRE,info,"ğŸ¸ Detectando cyberpunk... (85% confianza)"
2025-12-09T06:34:51.523Z,HUNT,warning,"ğŸ‘ï¸ Acechando... Beauty Score: 86% Â¡Objetivo a la vista!"
2025-12-09T06:34:50.311Z,HUNT,warning,"ğŸ‘ï¸ Acechando... Beauty Score: 87% Â¡Objetivo a la vista!"
2025-12-09T06:34:49.706Z,GENRE,info,"ğŸ¸ Detectando cyberpunk... (85% confianza)"
2025-12-09T06:34:47.890Z,GENRE,info,"ğŸ¸ Detectando cyberpunk... (85% confianza)"
2025-12-09T06:34:47.890Z,HUNT,warning,"ğŸ‘ï¸ Acechando... Beauty Score: 87% Â¡Objetivo a la vista!"
2025-12-09T06:34:46.680Z,HUNT,warning,"ğŸ‘ï¸ Acechando... Beauty Score: 87% Â¡Objetivo a la vista!"
2025-12-09T06:34:46.074Z,GENRE,info,"ğŸ¸ Detectando cyberpunk... (85% confianza)"
2025-12-09T06:34:45.472Z,HUNT,warning,"ğŸ‘ï¸ Acechando... Beauty Score: 86% Â¡Objetivo a la vista!"
2025-12-09T06:34:44.264Z,GENRE,info,"ğŸ¸ Detectando cyberpunk... (85% confianza)"
2025-12-09T06:34:44.264Z,HUNT,warning,"ğŸ‘ï¸ Acechando... Beauty Score: 87% Â¡Objetivo a la vista!"
2025-12-09T06:34:43.051Z,HUNT,warning,"ğŸ‘ï¸ Acechando... Beauty Score: 87% Â¡Objetivo a la vista!"
2025-12-09T06:34:42.440Z,GENRE,info,"ğŸ¸ Detectando cyberpunk... (85% confianza)"
2025-12-09T06:34:40.620Z,GENRE,info,"ğŸ¸ Detectando cyberpunk... (85% confianza)"
2025-12-09T06:34:40.620Z,HUNT,warning,"ğŸ‘ï¸ Acechando... Beauty Score: 87% Â¡Objetivo a la vista!"
2025-12-09T06:34:39.403Z,HUNT,warning,"ğŸ‘ï¸ Acechando... Beauty Score: 87% Â¡Objetivo a la vista!"
2025-12-09T06:34:38.795Z,GENRE,info,"ğŸ¸ Detectando cyberpunk... (85% confianza)"
2025-12-09T06:34:36.969Z,GENRE,info,"ğŸ¸ Detectando cyberpunk... (85% confianza)"
2025-12-09T06:34:36.969Z,HUNT,warning,"ğŸ‘ï¸ Acechando... Beauty Score: 87% Â¡Objetivo a la vista!"
2025-12-09T06:34:35.749Z,HUNT,warning,"ğŸ‘ï¸ Acechando... Beauty Score: 87% Â¡Objetivo a la vista!"
2025-12-09T06:34:35.144Z,GENRE,info,"ğŸ¸ Detectando cyberpunk... (85% confianza)"
2025-12-09T06:34:34.539Z,HUNT,warning,"ğŸ‘ï¸ Acechando... Beauty Score: 86% Â¡Objetivo a la vista!"
2025-12-09T06:34:33.330Z,GENRE,info,"ğŸ¸ Detectando cyberpunk... (85% confianza)"
2025-12-09T06:34:33.330Z,HUNT,warning,"ğŸ‘ï¸ Acechando... Beauty Score: 87% Â¡Objetivo a la vista!"
2025-12-09T06:34:32.115Z,HUNT,warning,"ğŸ‘ï¸ Acechando... Beauty Score: 87% Â¡Objetivo a la vista!"
2025-12-09T06:34:31.506Z,GENRE,info,"ğŸ¸ Detectando cyberpunk... (85% confianza)"
2025-12-09T06:34:29.686Z,GENRE,info,"ğŸ¸ Detectando cyberpunk... (85% confianza)"
2025-12-09T06:34:29.686Z,HUNT,warning,"ğŸ‘ï¸ Acechando... Beauty Score: 87% Â¡Objetivo a la vista!"
2025-12-09T06:34:28.469Z,HUNT,warning,"ğŸ‘ï¸ Acechando... Beauty Score: 87% Â¡Objetivo a la vista!"
2025-12-09T06:34:27.863Z,GENRE,info,"ğŸ¸ Detectando cyberpunk... (85% confianza)"
2025-12-09T06:34:26.049Z,GENRE,info,"ğŸ¸ Detectando cyberpunk... (85% confianza)"
2025-12-09T06:34:26.049Z,HUNT,warning,"ğŸ‘ï¸ Acechando... Beauty Score: 87% Â¡Objetivo a la vista!"
2025-12-09T06:34:24.837Z,HUNT,warning,"ğŸ‘ï¸ Acechando... Beauty Score: 87% Â¡Objetivo a la vista!"
2025-12-09T06:34:24.230Z,GENRE,info,"ğŸ¸ Detectando cyberpunk... (85% confianza)"
2025-12-09T06:34:23.624Z,HUNT,warning,"ğŸ‘ï¸ Acechando... Beauty Score: 86% Â¡Objetivo a la vista!"
2025-12-09T06:34:22.400Z,GENRE,info,"ğŸ¸ Detectando cyberpunk... (85% confianza)"
2025-12-09T06:34:22.400Z,HUNT,warning,"ğŸ‘ï¸ Acechando... Beauty Score: 87% Â¡Objetivo a la vista!"
2025-12-09T06:34:21.189Z,HUNT,warning,"ğŸ‘ï¸ Acechando... Beauty Score: 87% Â¡Objetivo a la vista!"
2025-12-09T06:34:20.577Z,GENRE,info,"ğŸ¸ Detectando cyberpunk... (85% confianza)"
2025-12-09T06:34:19.972Z,HUNT,warning,"ğŸ‘ï¸ Acechando... Beauty Score: 87% Â¡Objetivo a la vista!"
2025-12-09T06:34:18.763Z,GENRE,info,"ğŸ¸ Detectando cyberpunk... (85% confianza)"
2025-12-09T06:34:18.763Z,HUNT,warning,"ğŸ‘ï¸ Acechando... Beauty Score: 86% Â¡Objetivo a la vista!"
2025-12-09T06:34:17.553Z,HUNT,warning,"ğŸ‘ï¸ Acechando... Beauty Score: 86% Â¡Objetivo a la vista!"
2025-12-09T06:34:16.950Z,GENRE,info,"ğŸ¸ Detectando cyberpunk... (85% confianza)"
2025-12-09T06:34:15.135Z,GENRE,info,"ğŸ¸ Detectando cyberpunk... (85% confianza)"
2025-12-09T06:34:15.135Z,HUNT,warning,"ğŸ‘ï¸ Acechando... Beauty Score: 87% Â¡Objetivo a la vista!"
2025-12-09T06:34:13.927Z,HUNT,warning,"ğŸ‘ï¸ Acechando... Beauty Score: 87% Â¡Objetivo a la vista!"
2025-12-09T06:34:13.323Z,GENRE,info,"ğŸ¸ Detectando cyberpunk... (85% confianza)"
2025-12-09T06:34:12.722Z,HUNT,warning,"ğŸ‘ï¸ Acechando... Beauty Score: 86% Â¡Objetivo a la vista!"
2025-12-09T06:34:11.505Z,GENRE,info,"ğŸ¸ Detectando cyberpunk... (85% confianza)"
2025-12-09T06:34:11.505Z,HUNT,warning,"ğŸ‘ï¸ Acechando... Beauty Score: 87% Â¡Objetivo a la vista!"
2025-12-09T06:34:10.296Z,HUNT,warning,"ğŸ‘ï¸ Acechando... Beauty Score: 87% Â¡Objetivo a la vista!"
2025-12-09T06:34:09.686Z,GENRE,info,"ğŸ¸ Detectando cyberpunk... (85% confianza)"
2025-12-09T06:34:07.867Z,GENRE,info,"ğŸ¸ Detectando cyberpunk... (85% confianza)"
2025-12-09T06:34:07.867Z,HUNT,warning,"ğŸ‘ï¸ Acechando... Beauty Score: 87% Â¡Objetivo a la vista!"
2025-12-09T06:34:06.658Z,HUNT,warning,"ğŸ‘ï¸ Acechando... Beauty Score: 86% Â¡Objetivo a la vista!"
2025-12-09T06:34:06.049Z,GENRE,info,"ğŸ¸ Detectando cyberpunk... (85% confianza)"
2025-12-09T06:34:04.228Z,GENRE,info,"ğŸ¸ Detectando cyberpunk... (85% confianza)"
2025-12-09T06:34:04.228Z,HUNT,warning,"ğŸ‘ï¸ Acechando... Beauty Score: 87% Â¡Objetivo a la vista!"
2025-12-09T06:34:03.011Z,HUNT,warning,"ğŸ‘ï¸ Acechando... Beauty Score: 87% Â¡Objetivo a la vista!"
2025-12-09T06:34:02.405Z,GENRE,info,"ğŸ¸ Detectando cyberpunk... (85% confianza)"
2025-12-09T06:34:01.801Z,HUNT,warning,"ğŸ‘ï¸ Acechando... Beauty Score: 87% Â¡Objetivo a la vista!"
2025-12-09T06:34:00.584Z,GENRE,info,"ğŸ¸ Detectando cyberpunk... (85% confianza)"
2025-12-09T06:34:00.584Z,HUNT,warning,"ğŸ‘ï¸ Acechando... Beauty Score: 86% Â¡Objetivo a la vista!"
2025-12-09T06:33:59.372Z,HUNT,warning,"ğŸ‘ï¸ Acechando... Beauty Score: 87% Â¡Objetivo a la vista!"
2025-12-09T06:33:58.767Z,GENRE,info,"ğŸ¸ Detectando cyberpunk... (85% confianza)"
2025-12-09T06:33:56.952Z,GENRE,info,"ğŸ¸ Detectando cyberpunk... (85% confianza)"
2025-12-09T06:33:56.952Z,HUNT,warning,"ğŸ‘ï¸ Acechando... Beauty Score: 87% Â¡Objetivo a la vista!"
2025-12-09T06:33:55.745Z,HUNT,warning,"ğŸ‘ï¸ Acechando... Beauty Score: 87% Â¡Objetivo a la vista!"
2025-12-09T06:33:55.141Z,GENRE,info,"ğŸ¸ Detectando cyberpunk... (85% confianza)"
2025-12-09T06:33:53.328Z,GENRE,info,"ğŸ¸ Detectando cyberpunk... (85% confianza)"
2025-12-09T06:33:53.328Z,HUNT,warning,"ğŸ‘ï¸ Acechando... Beauty Score: 87% Â¡Objetivo a la vista!"
2025-12-09T06:33:52.120Z,HUNT,warning,"ğŸ‘ï¸ Acechando... Beauty Score: 86% Â¡Objetivo a la vista!"
2025-12-09T06:33:51.515Z,GENRE,info,"ğŸ¸ Detectando cyberpunk... (85% confianza)"
2025-12-09T06:33:49.696Z,GENRE,info,"ğŸ¸ Detectando cyberpunk... (85% confianza)"
2025-12-09T06:33:49.696Z,HUNT,warning,"ğŸ‘ï¸ Acechando... Beauty Score: 86% Â¡Objetivo a la vista!"
2025-12-09T06:33:48.484Z,HUNT,warning,"ğŸ‘ï¸ Acechando... Beauty Score: 86% Â¡Objetivo a la vista!"
2025-12-09T06:33:47.878Z,GENRE,info,"ğŸ¸ Detectando cyberpunk... (85% confianza)"
2025-12-09T06:33:46.063Z,GENRE,info,"ğŸ¸ Detectando cyberpunk... (85% confianza)"
2025-12-09T06:33:46.063Z,HUNT,warning,"ğŸ‘ï¸ Acechando... Beauty Score: 87% Â¡Objetivo a la vista!"
2025-12-09T06:33:44.846Z,HUNT,warning,"ğŸ‘ï¸ Acechando... Beauty Score: 87% Â¡Objetivo a la vista!"
2025-12-09T06:33:44.243Z,GENRE,info,"ğŸ¸ Detectando cyberpunk... (85% confianza)"
2025-12-09T06:33:42.424Z,GENRE,info,"ğŸ¸ Detectando cyberpunk... (85% confianza)"
2025-12-09T06:33:42.424Z,HUNT,warning,"ğŸ‘ï¸ Acechando... Beauty Score: 87% Â¡Objetivo a la vista!"
2025-12-09T06:33:41.204Z,HUNT,warning,"ğŸ‘ï¸ Acechando... Beauty Score: 87% Â¡Objetivo a la vista!"
2025-12-09T06:33:40.598Z,GENRE,info,"ğŸ¸ Detectando cyberpunk... (85% confianza)"
2025-12-09T06:33:38.777Z,GENRE,info,"ğŸ¸ Detectando cyberpunk... (85% confianza)"
2025-12-09T06:33:38.777Z,HUNT,warning,"ğŸ‘ï¸ Acechando... Beauty Score: 87% Â¡Objetivo a la vista!"
2025-12-09T06:33:37.565Z,HUNT,warning,"ğŸ‘ï¸ Acechando... Beauty Score: 87% Â¡Objetivo a la vista!"
2025-12-09T06:33:36.959Z,GENRE,info,"ğŸ¸ Detectando cyberpunk... (85% confianza)"
2025-12-09T06:33:35.140Z,GENRE,info,"ğŸ¸ Detectando cyberpunk... (85% confianza)"
2025-12-09T06:33:35.140Z,HUNT,warning,"ğŸ‘ï¸ Acechando... Beauty Score: 87% Â¡Objetivo a la vista!"
2025-12-09T06:33:33.925Z,HUNT,warning,"ğŸ‘ï¸ Acechando... Beauty Score: 87% Â¡Objetivo a la vista!"
2025-12-09T06:33:33.321Z,GENRE,info,"ğŸ¸ Detectando cyberpunk... (85% confianza)"
2025-12-09T06:33:32.711Z,HUNT,warning,"ğŸ‘ï¸ Acechando... Beauty Score: 86% Â¡Objetivo a la vista!"
2025-12-09T06:33:31.498Z,GENRE,info,"ğŸ¸ Detectando cyberpunk... (85% confianza)"
2025-12-09T06:33:31.498Z,HUNT,warning,"ğŸ‘ï¸ Acechando... Beauty Score: 87% Â¡Objetivo a la vista!"
2025-12-09T06:33:30.280Z,HUNT,warning,"ğŸ‘ï¸ Acechando... Beauty Score: 86% Â¡Objetivo a la vista!"
2025-12-09T06:33:29.676Z,GENRE,info,"ğŸ¸ Detectando cyberpunk... (85% confianza)"
2025-12-09T06:33:29.069Z,HUNT,warning,"ğŸ‘ï¸ Acechando... Beauty Score: 87% Â¡Objetivo a la vista!"
2025-12-09T06:33:27.863Z,GENRE,info,"ğŸ¸ Detectando cyberpunk... (85% confianza)"
2025-12-09T06:33:27.863Z,HUNT,warning,"ğŸ‘ï¸ Acechando... Beauty Score: 86% Â¡Objetivo a la vista!"
2025-12-09T06:33:26.653Z,HUNT,warning,"ğŸ‘ï¸ Acechando... Beauty Score: 87% Â¡Objetivo a la vista!"
2025-12-09T06:33:26.051Z,GENRE,info,"ğŸ¸ Detectando cyberpunk... (85% confianza)"
2025-12-09T06:33:24.240Z,GENRE,info,"ğŸ¸ Detectando cyberpunk... (85% confianza)"
2025-12-09T06:33:24.240Z,HUNT,warning,"ğŸ‘ï¸ Acechando... Beauty Score: 87% Â¡Objetivo a la vista!"
2025-12-09T06:33:23.033Z,HUNT,warning,"ğŸ‘ï¸ Acechando... Beauty Score: 87% Â¡Objetivo a la vista!"
2025-12-09T06:33:22.426Z,GENRE,info,"ğŸ¸ Detectando cyberpunk... (85% confianza)"
2025-12-09T06:33:21.819Z,HUNT,warning,"ğŸ‘ï¸ Acechando... Beauty Score: 86% Â¡Objetivo a la vista!"
2025-12-09T06:33:20.602Z,GENRE,info,"ğŸ¸ Detectando cyberpunk... (85% confianza)"
2025-12-09T06:33:20.602Z,HUNT,warning,"ğŸ‘ï¸ Acechando... Beauty Score: 87% Â¡Objetivo a la vista!"
2025-12-09T06:33:19.392Z,HUNT,warning,"ğŸ‘ï¸ Acechando... Beauty Score: 87% Â¡Objetivo a la vista!"
2025-12-09T06:33:18.787Z,GENRE,info,"ğŸ¸ Detectando cyberpunk... (85% confianza)"
2025-12-09T06:33:16.969Z,GENRE,info,"ğŸ¸ Detectando cyberpunk... (85% confianza)"
2025-12-09T06:33:16.969Z,HUNT,warning,"ğŸ‘ï¸ Acechando... Beauty Score: 87% Â¡Objetivo a la vista!"
2025-12-09T06:33:15.757Z,HUNT,warning,"ğŸ‘ï¸ Acechando... Beauty Score: 87% Â¡Objetivo a la vista!"
2025-12-09T06:33:15.148Z,GENRE,info,"ğŸ¸ Detectando cyberpunk... (85% confianza)"